Crop,Soil_pH,Soil_Nitrogen,Soil_Phosphorus,Soil_Potassium,Soil_Moisture,Soil_CEC,Avg_Temperature,Min_Temperature,Avg_Humidity,Min_Humidity,Avg_Wind_Speed,Total_Rainfall,Min_Elevation,Max_Elevation
Abiu,6.4,150.0,130.0,180.0,400.0,220.0,27.0,22.0,80.0,60.0,3.0,1400.0,0.0,500.0
Acai Berry,6.1,290.0,240.0,260.0,370.0,270.0,30.5,20.5,78.0,48.0,10.8,980.0,0.0,200.0
Achocha,6.0,130.0,110.0,160.0,380.0,200.0,28.0,23.0,75.0,55.0,3.0,1100.0,0.0,1000.0
Acorn Squash,6.2,180.0,150.0,200.0,470.0,270.0,28.0,23.0,82.0,62.0,3.5,1600.0,0.0,1500.0
Adlay Millet,6.0,90.0,70.0,110.0,280.0,120.0,24.0,18.0,70.0,50.0,2.5,800.0,0.0,2000.0
Adzuki Bean,6.1,255.0,205.0,225.0,335.0,235.0,25.0,15.0,74.0,44.0,10.5,860.0,0.0,800.0
African Millet,6.3,120.0,100.0,130.0,330.0,130.0,28.0,22.0,78.0,58.0,2.9,900.0,0.0,2500.0
African Rice,6.2,100.0,80.0,120.0,300.0,130.0,25.0,19.0,72.0,52.0,2.7,900.0,0.0,1500.0
African Yam Bean,6.4,150.0,130.0,160.0,450.0,190.0,27.0,21.0,76.0,56.0,3.0,1500.0,0.0,1500.0
Agathi Keerai (Sesbania grandiflora),6.0,140.0,110.0,160.0,350.0,170.0,27.0,22.0,70.0,50.0,2.8,900.0,0.0,500.0
Air Potato,6.4,120.0,100.0,140.0,380.0,160.0,28.0,22.0,74.0,54.0,3.3,1200.0,0.0,500.0
Ajwain (Trachyspermum ammi),6.2,130.0,100.0,150.0,280.0,140.0,28.0,22.0,70.0,50.0,2.8,900.0,0.0,1200.0
Allamanda cathartica (Golden Trumpet),6.0,100.0,80.0,120.0,350.0,180.0,27.0,22.0,70.0,50.0,2.5,1800.0,0.0,50.0
Almond,6.5,260.0,210.0,230.0,360.0,220.0,27.5,17.5,65.0,35.0,11.0,800.0,300.0,1200.0
Alocasia,6.4,160.0,130.0,190.0,450.0,220.0,26.0,21.0,82.0,62.0,3.0,2500.0,0.0,1000.0
Alpinia purpurata (Red Ginger),6.2,160.0,130.0,170.0,390.0,190.0,26.0,20.0,80.0,60.0,3.4,2300.0,0.0,1000.0
Amaranth,6.4,255.0,205.0,225.0,335.0,235.0,26.5,16.5,85.0,55.0,11.0,910.0,0.0,3000.0
Amaranth (Amaranthus - another variety),6.2,100.0,80.0,110.0,270.0,110.0,24.0,18.0,70.0,50.0,2.3,800.0,0.0,3000.0
Amla,6.0,140.0,120.0,170.0,320.0,170.0,28.0,23.0,65.0,45.0,2.8,800.0,0.0,1300.0
Angel's Trumpet,6.5,150.0,130.0,170.0,470.0,260.0,28.0,22.0,86.0,66.0,3.6,2600.0,0.0,1000.0
Anise,6.3,150.0,120.0,180.0,380.0,170.0,24.0,18.0,72.0,52.0,2.9,850.0,0.0,1500.0
Aonla,6.2,140.0,120.0,170.0,320.0,170.0,29.0,24.0,70.0,50.0,2.8,900.0,0.0,1300.0
Apple,6.0,230.0,180.0,200.0,300.0,220.0,15.0,5.0,65.0,35.0,12.5,900.0,300.0,2500.0
Apricot,6.4,270.0,220.0,240.0,350.0,250.0,26.5,16.5,77.0,47.0,12.0,940.0,300.0,1500.0
Areca Nut,6.0,250.0,200.0,250.0,400.0,250.0,27.0,22.0,80.0,65.0,3.0,2000.0,0.0,1200.0
Areca Palm,6.0,250.0,200.0,250.0,400.0,250.0,27.0,22.0,80.0,65.0,3.0,2000.0,0.0,1000.0
Arecanut,6.0,250.0,200.0,250.0,400.0,250.0,27.0,22.0,80.0,65.0,3.0,2000.0,0.0,1200.0
Argyreia nervosa (Hawaiian Baby Woodrose),6.2,110.0,90.0,130.0,380.0,200.0,28.0,23.0,75.0,55.0,2.8,2000.0,0.0,300.0
Arhar,6.5,120.0,150.0,180.0,320.0,150.0,27.0,22.0,70.0,50.0,3.0,1000.0,0.0,1500.0
Arracacha,6.3,140.0,120.0,170.0,350.0,180.0,22.0,16.0,68.0,48.0,2.7,750.0,1000.0,2400.0
Arrowhead,6.5,120.0,90.0,150.0,420.0,230.0,25.0,20.0,75.0,55.0,3.0,1800.0,0.0,500.0
Arrowroot,6.3,120.0,90.0,150.0,450.0,240.0,26.0,21.0,80.0,60.0,3.3,2300.0,0.0,1000.0
Artichoke,6.0,150.0,180.0,200.0,300.0,120.0,22.0,16.0,60.0,40.0,2.0,600.0,0.0,1000.0
Arugula,6.5,150.0,130.0,170.0,440.0,190.0,27.0,21.0,80.0,60.0,3.2,1500.0,0.0,1500.0
Asafoetida (Ferula assa-foetida),6.0,150.0,120.0,180.0,300.0,160.0,27.0,20.0,65.0,45.0,2.5,800.0,400.0,2000.0
Ash Gourd,6.2,110.0,90.0,140.0,330.0,160.0,28.0,23.0,72.0,52.0,2.8,1100.0,0.0,500.0
Asparagus,6.5,120.0,150.0,180.0,280.0,100.0,22.0,16.0,60.0,40.0,2.0,600.0,0.0,2000.0
Averrhoa bilimbi (Bilimbi/Cucumber Tree),6.5,130.0,110.0,140.0,350.0,160.0,25.0,19.0,75.0,55.0,2.0,1500.0,0.0,500.0
Avocado,6.2,280.0,230.0,250.0,390.0,250.0,25.5,15.5,70.0,40.0,10.5,900.0,0.0,2000.0
Baccaurea motleyana (Rambai),6.0,140.0,120.0,150.0,370.0,170.0,26.0,20.0,80.0,60.0,2.3,1700.0,0.0,500.0
Bacuri,6.2,130.0,100.0,160.0,320.0,140.0,23.0,17.0,68.0,48.0,2.3,1600.0,0.0,500.0
Bael,6.1,120.0,100.0,140.0,280.0,150.0,31.0,26.0,55.0,35.0,3.5,600.0,0.0,1200.0
Bajra,6.5,100.0,80.0,120.0,280.0,120.0,30.0,24.0,75.0,55.0,3.2,850.0,0.0,2700.0
Bambara Groundnut,6.4,270.0,220.0,240.0,350.0,250.0,28.0,18.0,69.0,41.0,12.8,920.0,0.0,1500.0
Bamboo,6.3,90.0,70.0,110.0,320.0,140.0,26.0,21.0,72.0,52.0,2.5,1300.0,0.0,2500.0
Banana,6.5,320.0,280.0,270.0,550.0,290.0,29.5,19.5,82.0,52.0,6.5,2800.0,0.0,1500.0
Barley,6.3,255.0,195.0,215.0,340.0,235.0,24.0,14.0,68.0,38.0,11.2,1000.0,0.0,3500.0
Barnyard Millet,6.0,85.0,65.0,105.0,255.0,105.0,27.5,21.5,73.0,53.0,2.9,720.0,0.0,1200.0
Barringtonia procera (Cutnut),6.0,150.0,120.0,160.0,420.0,200.0,28.0,23.0,80.0,60.0,3.5,2000.0,0.0,500.0
Basella,6.3,180.0,160.0,210.0,450.0,250.0,29.0,24.0,78.0,58.0,3.5,1700.0,0.0,500.0
Basil,6.5,260.0,210.0,230.0,340.0,240.0,25.0,15.0,72.0,42.0,10.8,860.0,0.0,1000.0
Beetroot,6.5,100.0,120.0,150.0,300.0,120.0,18.0,12.0,55.0,35.0,1.5,500.0,0.0,2000.0
Bell Pepper,6.0,150.0,180.0,200.0,320.0,150.0,24.0,18.0,70.0,50.0,3.0,1000.0,0.0,2000.0
Bengal Gram (Cicer arietinum - another variety),6.1,130.0,100.0,150.0,330.0,160.0,26.0,20.0,65.0,45.0,2.7,900.0,0.0,1800.0
Betel Nut,6.0,280.0,230.0,250.0,380.0,240.0,26.0,16.0,78.0,48.0,9.8,1300.0,0.0,1200.0
Betel Vine,6.5,220.0,170.0,220.0,400.0,230.0,27.0,22.0,80.0,65.0,3.5,2000.0,0.0,1000.0
Bignay,6.5,200.0,170.0,230.0,390.0,210.0,28.5,23.5,79.0,59.0,3.2,2200.0,0.0,600.0
Bird of Paradise (Strelitzia),6.0,120.0,90.0,140.0,350.0,160.0,24.0,18.0,70.0,50.0,2.5,1200.0,0.0,1000.0
Bitter Gourd,6.1,260.0,210.0,230.0,340.0,240.0,26.0,16.0,85.0,53.0,10.0,930.0,0.0,500.0
Black Cumin (Nigella sativa),6.5,130.0,110.0,160.0,280.0,140.0,22.0,16.0,60.0,40.0,2.0,600.0,0.0,1000.0
Black Gram (Vigna mungo - another variety),6.3,100.0,80.0,120.0,300.0,140.0,27.0,21.0,70.0,50.0,3.0,1000.0,0.0,1200.0
Black Pepper,6.0,250.0,200.0,250.0,400.0,250.0,27.0,22.0,80.0,65.0,3.5,2000.0,0.0,800.0
Black-eyed Pea (Vigna unguiculata - another variety),6.0,110.0,80.0,120.0,310.0,130.0,27.0,21.0,72.0,52.0,2.8,1050.0,0.0,1000.0
Blackberry,6.0,260.0,210.0,230.0,370.0,250.0,19.5,9.5,82.0,52.0,9.0,1100.0,0.0,1500.0
Blueberry,5.5,240.0,195.0,215.0,360.0,240.0,17.5,7.5,88.0,58.0,7.8,1300.0,0.0,1500.0
Borage,6.2,80.0,60.0,110.0,290.0,120.0,24.0,18.0,68.0,48.0,2.3,750.0,0.0,1500.0
Bottle Gourd,6.2,255.0,205.0,225.0,335.0,235.0,25.5,15.5,83.0,51.0,10.2,910.0,0.0,500.0
Bouea macrophylla (Gandaria/Plum Mango),6.2,150.0,130.0,160.0,390.0,180.0,27.0,21.0,85.0,65.0,2.5,1900.0,0.0,300.0
Bougainvillea,6.0,160.0,140.0,180.0,430.0,230.0,29.0,23.0,88.0,68.0,3.8,2800.0,0.0,1500.0
Brazil Nut,6.4,310.0,260.0,280.0,400.0,290.0,29.0,19.0,79.0,49.0,13.0,1200.0,0.0,500.0
Brazil Nut (Bertholletia excelsa),6.3,180.0,150.0,200.0,450.0,220.0,27.0,22.0,85.0,65.0,3.5,2500.0,0.0,500.0
Breadfruit,6.5,200.0,150.0,200.0,400.0,230.0,27.0,22.0,80.0,60.0,3.5,2000.0,0.0,700.0
Broccoli,6.5,180.0,200.0,220.0,320.0,150.0,15.0,10.0,60.0,40.0,2.0,600.0,0.0,2000.0
Broomcorn,6.0,150.0,100.0,120.0,300.0,120.0,27.0,22.0,70.0,50.0,3.0,800.0,0.0,1500.0
Browntop Millet,6.1,120.0,100.0,140.0,290.0,140.0,26.5,20.5,72.0,52.0,2.8,800.0,0.0,2000.0
Buckwheat,6.0,240.0,190.0,215.0,320.0,220.0,21.0,11.0,75.0,48.0,10.0,900.0,0.0,3000.0
Burmese Grape,6.5,160.0,130.0,180.0,430.0,210.0,29.0,23.0,76.0,56.0,3.4,1900.0,0.0,500.0
Buttercup Squash,6.4,130.0,100.0,150.0,350.0,180.0,27.0,22.0,72.0,52.0,3.0,1100.0,0.0,500.0
Cabbage,6.5,180.0,200.0,220.0,320.0,150.0,15.0,10.0,60.0,40.0,2.0,600.0,0.0,2000.0
Cacao,6.0,220.0,170.0,250.0,400.0,240.0,27.0,21.0,85.0,70.0,3.5,2000.0,0.0,800.0
Calabaza,6.4,190.0,160.0,210.0,430.0,240.0,29.0,24.0,84.0,64.0,3.7,1700.0,0.0,2000.0
Calendula,6.3,75.0,55.0,105.0,270.0,100.0,23.0,17.0,66.0,46.0,2.1,720.0,0.0,1000.0
Calla Lily,6.2,110.0,90.0,130.0,380.0,180.0,24.0,18.0,78.0,58.0,2.8,1800.0,0.0,500.0
Callaloo,6.3,140.0,120.0,160.0,420.0,180.0,26.0,20.0,78.0,58.0,3.0,1400.0,0.0,500.0
Canarium ovatum (Pili Nut),6.2,160.0,130.0,170.0,450.0,220.0,26.0,21.0,75.0,55.0,3.0,1800.0,0.0,1500.0
Canna Lily,6.0,100.0,80.0,120.0,350.0,160.0,27.0,22.0,75.0,55.0,3.0,2000.0,0.0,1000.0
Canna Lily (Canna indica - another variety),6.2,130.0,100.0,150.0,380.0,180.0,25.0,19.0,75.0,55.0,2.8,1400.0,0.0,1000.0
Canola,6.5,120.0,80.0,100.0,280.0,100.0,18.0,12.0,55.0,35.0,1.5,500.0,0.0,1000.0
Carambola (Starfruit),6.3,130.0,100.0,140.0,320.0,160.0,27.0,21.0,75.0,55.0,2.5,1700.0,0.0,500.0
Cardamom,6.0,270.0,220.0,240.0,370.0,230.0,25.0,15.0,76.0,46.0,10.2,1200.0,700.0,1500.0
Carrot,6.3,240.0,190.0,220.0,350.0,240.0,18.0,8.0,80.0,50.0,8.5,1400.0,0.0,3000.0
Cashew,6.0,270.0,220.0,240.0,370.0,230.0,28.0,18.0,75.0,45.0,9.5,1200.0,0.0,500.0
Cassabanana,6.1,200.0,170.0,220.0,400.0,220.0,26.0,21.0,76.0,56.0,3.0,1800.0,0.0,50.0
Cassava,6.4,300.0,250.0,260.0,450.0,270.0,31.0,21.0,72.0,42.0,9.5,1400.0,0.0,1500.0
Castor,6.5,100.0,50.0,80.0,250.0,80.0,27.0,22.0,60.0,40.0,2.8,700.0,0.0,1000.0
Cauliflower,6.0,150.0,180.0,200.0,300.0,120.0,15.0,10.0,60.0,40.0,2.0,600.0,0.0,2500.0
Celeriac,6.3,140.0,100.0,120.0,300.0,120.0,18.0,12.0,63.0,43.0,1.9,700.0,0.0,1500.0
Celery,6.1,245.0,195.0,215.0,325.0,225.0,23.5,13.5,78.0,48.0,9.8,890.0,0.0,1000.0
Celosia argentea (Lagos spinach - another variety),6.2,160.0,140.0,170.0,400.0,170.0,27.0,21.0,80.0,60.0,3.2,1400.0,0.0,1000.0
Chamomile,6.5,70.0,50.0,100.0,280.0,110.0,20.0,14.0,60.0,40.0,1.8,600.0,0.0,1000.0
Chayote Squash,6.5,130.0,110.0,160.0,380.0,200.0,28.0,23.0,75.0,55.0,3.0,1100.0,0.0,1500.0
Cheena,6.2,90.0,70.0,110.0,270.0,110.0,27.0,21.0,72.0,52.0,2.8,750.0,0.0,2500.0
Chenopodium,6.0,100.0,50.0,80.0,250.0,80.0,18.0,12.0,55.0,35.0,1.5,400.0,0.0,2500.0
Cherry,6.5,285.0,235.0,255.0,365.0,265.0,25.5,15.5,76.0,46.0,11.5,930.0,300.0,2000.0
Chestnut,6.5,280.0,230.0,250.0,360.0,260.0,26.0,16.0,77.0,47.0,10.5,930.0,200.0,1500.0
Chia,6.3,250.0,200.0,220.0,330.0,230.0,24.5,14.5,80.0,50.0,10.5,870.0,0.0,2000.0
Chickpea,6.3,230.0,190.0,210.0,340.0,230.0,26.0,16.0,72.0,42.0,11.5,900.0,0.0,1800.0
Chickpea (Cicer arietinum - another variety),6.4,95.0,75.0,105.0,280.0,120.0,22.0,16.0,65.0,45.0,2.5,800.0,0.0,1800.0
Chili Pepper,6.5,180.0,200.0,220.0,350.0,200.0,27.0,22.0,70.0,50.0,3.0,1200.0,0.0,2500.0
Chilli,6.3,150.0,120.0,140.0,330.0,130.0,28.0,20.0,75.0,55.0,3.0,950.0,0.0,2500.0
Chinese Yam,6.2,110.0,90.0,130.0,360.0,150.0,27.0,21.0,72.0,52.0,3.1,1100.0,0.0,2000.0
Chive,6.2,100.0,70.0,90.0,270.0,90.0,18.0,12.0,60.0,40.0,1.7,650.0,0.0,1000.0
Chrysanthemum,6.5,100.0,80.0,120.0,300.0,140.0,22.0,16.0,60.0,40.0,2.0,700.0,0.0,2000.0
Chrysophyllum albidum (African Star Apple),6.2,180.0,150.0,200.0,470.0,230.0,28.0,22.0,80.0,60.0,3.3,2200.0,0.0,800.0
Cinnamon,6.2,250.0,200.0,220.0,350.0,210.0,23.5,13.5,82.0,52.0,9.2,1400.0,0.0,1000.0
Clove,6.3,260.0,210.0,230.0,360.0,220.0,24.5,14.5,80.0,50.0,9.5,1300.0,0.0,900.0
Cluster Bean (Cyamopsis tetragonoloba - another variety),6.3,120.0,90.0,140.0,350.0,180.0,28.0,23.0,75.0,55.0,3.2,1200.0,0.0,1200.0
Cocoa,6.0,220.0,170.0,250.0,400.0,240.0,27.0,21.0,85.0,70.0,3.5,2000.0,0.0,800.0
Coconut,6.3,320.0,270.0,290.0,500.0,290.0,29.5,19.5,78.0,48.0,9.5,2000.0,0.0,600.0
Coffee,6.0,275.0,230.0,215.0,420.0,265.0,23.5,13.5,85.0,55.0,7.2,1800.0,600.0,2000.0
Colocasia,6.1,180.0,150.0,210.0,470.0,240.0,27.0,22.0,84.0,64.0,3.5,2700.0,0.0,2000.0
Common Bean,6.5,100.0,120.0,150.0,300.0,120.0,24.0,18.0,65.0,45.0,2.5,800.0,0.0,2000.0
Corchorus olitorius (Jute Mallow - another variety),6.1,150.0,120.0,160.0,400.0,180.0,28.0,23.0,70.0,50.0,2.5,1500.0,0.0,500.0
Coriander,6.0,240.0,190.0,215.0,320.0,220.0,22.5,12.5,77.0,46.0,9.5,880.0,0.0,1000.0
Coriander (Coriandrum sativum - another variety),6.0,120.0,90.0,140.0,280.0,120.0,24.0,18.0,65.0,45.0,2.5,800.0,0.0,1000.0
Corn,6.5,200.0,150.0,180.0,350.0,180.0,27.0,22.0,70.0,50.0,3.0,1000.0,0.0,3000.0
Costus,6.2,140.0,110.0,170.0,420.0,200.0,28.0,23.0,80.0,60.0,3.5,2800.0,0.0,1000.0
Costus speciosus (Crepe Ginger),6.0,150.0,120.0,160.0,370.0,180.0,29.0,23.0,85.0,65.0,3.2,2500.0,0.0,1000.0
Cotton,7.0,260.0,190.0,240.0,320.0,230.0,32.0,22.0,60.0,30.0,15.0,800.0,0.0,1500.0
Cowpea,6.3,260.0,210.0,230.0,340.0,240.0,24.5,14.5,78.0,48.0,10.3,870.0,0.0,1000.0
Cranberry,6.0,245.0,195.0,215.0,325.0,225.0,21.5,11.5,78.0,48.0,9.8,880.0,0.0,1000.0
Crossandra,6.1,95.0,85.0,105.0,300.0,120.0,26.0,21.0,78.0,58.0,2.7,1100.0,0.0,700.0
Cucumber,6.0,120.0,150.0,180.0,320.0,150.0,24.0,18.0,70.0,50.0,3.0,1000.0,0.0,1000.0
Cucumber (Cucumis sativus - another variety),6.2,125.0,95.0,125.0,330.0,150.0,27.0,21.0,75.0,55.0,2.9,1100.0,0.0,1000.0
Cumin,7.0,100.0,80.0,130.0,300.0,130.0,25.0,20.0,65.0,45.0,3.0,500.0,0.0,1200.0
Cumin (Cuminum cyminum - another variety),6.3,135.0,105.0,145.0,300.0,140.0,28.0,22.0,68.0,48.0,3.0,900.0,0.0,1200.0
CupuaÃ§u,6.4,140.0,110.0,170.0,350.0,150.0,24.0,18.0,70.0,50.0,2.5,1700.0,0.0,800.0
Curcuma longa (Turmeric - ornamental variety),6.1,180.0,150.0,190.0,430.0,210.0,28.0,22.0,84.0,64.0,3.8,2800.0,0.0,1300.0
Curry Leaf,6.0,180.0,150.0,200.0,380.0,210.0,28.0,23.0,75.0,55.0,3.0,1200.0,0.0,1000.0
Curry Leaf (Murraya koenigii - another variety),6.3,120.0,90.0,140.0,350.0,170.0,27.0,22.0,70.0,50.0,3.0,1000.0,0.0,1000.0
Custard Apple,6.4,130.0,110.0,160.0,300.0,160.0,30.0,25.0,60.0,40.0,3.2,700.0,0.0,1000.0
Custard Apple (Annona squamosa - another variety),6.1,130.0,100.0,150.0,320.0,170.0,30.0,24.0,65.0,45.0,2.8,900.0,0.0,1000.0
Dacryodes edulis (Safou),6.0,170.0,140.0,190.0,450.0,220.0,27.0,21.0,78.0,58.0,3.1,2000.0,0.0,1300.0
Date Palm,6.3,250.0,200.0,270.0,350.0,220.0,30.0,22.0,60.0,40.0,3.0,200.0,0.0,500.0
Dates,6.5,300.0,250.0,270.0,400.0,280.0,32.0,22.0,55.0,30.0,13.5,1100.0,0.0,800.0
Delicata Squash,6.1,140.0,110.0,160.0,380.0,200.0,28.0,23.0,74.0,54.0,3.2,1200.0,0.0,500.0
Dill,6.0,130.0,100.0,160.0,350.0,150.0,22.0,16.0,68.0,48.0,2.5,750.0,0.0,1000.0
Dolichos Bean (Lablab purpureus - another variety),6.5,140.0,110.0,160.0,400.0,200.0,29.0,24.0,80.0,60.0,3.5,1400.0,0.0,1200.0
Dragon Fruit,6.0,150.0,100.0,150.0,350.0,180.0,24.0,18.0,70.0,50.0,2.0,1000.0,0.0,800.0
Dragonfruit,6.4,300.0,250.0,270.0,450.0,270.0,27.5,17.5,72.0,42.0,9.8,1500.0,0.0,800.0
Drumstick,6.3,160.0,140.0,190.0,350.0,190.0,29.0,24.0,70.0,50.0,3.2,1000.0,0.0,500.0
Drumstick (Moringa oleifera - another variety),6.5,170.0,140.0,190.0,420.0,200.0,30.0,25.0,75.0,55.0,3.5,1200.0,0.0,500.0
Duku,6.0,150.0,120.0,180.0,400.0,220.0,27.0,22.0,82.0,62.0,3.5,2500.0,0.0,500.0
Duku (Lansium domesticum - another variety),6.2,160.0,130.0,180.0,420.0,220.0,28.0,23.0,82.0,62.0,3.3,2200.0,0.0,500.0
Durian,6.5,310.0,260.0,280.0,480.0,280.0,28.0,18.0,75.0,45.0,10.0,1700.0,0.0,600.0
Eggplant,6.5,265.0,215.0,235.0,345.0,245.0,27.5,17.5,81.0,50.0,10.5,950.0,0.0,1500.0
Egusi Melon,6.3,170.0,150.0,180.0,430.0,210.0,29.0,23.0,80.0,60.0,3.4,1700.0,0.0,500.0
Elephant Apple (Dillenia indica),6.5,140.0,110.0,170.0,400.0,200.0,27.0,22.0,75.0,55.0,3.2,1200.0,0.0,200.0
Emilia,6.4,100.0,80.0,110.0,290.0,110.0,30.0,24.0,74.0,54.0,3.2,900.0,0.0,2000.0
Etlingera elatior (Torch Ginger),6.4,170.0,140.0,180.0,410.0,200.0,27.0,21.0,82.0,62.0,3.6,2600.0,0.0,1000.0
Eucalyptus,6.5,100.0,80.0,120.0,350.0,160.0,25.0,20.0,75.0,55.0,3.0,1200.0,0.0,2000.0
Fava Bean,6.0,120.0,150.0,180.0,320.0,150.0,24.0,18.0,70.0,50.0,3.0,1000.0,0.0,2400.0
Fennel,6.2,140.0,110.0,170.0,360.0,160.0,23.0,17.0,70.0,50.0,2.7,800.0,0.0,2000.0
Fennel (Foeniculum vulgare - another variety),6.5,145.0,115.0,155.0,330.0,160.0,26.0,20.0,72.0,52.0,2.7,1050.0,0.0,2000.0
Fenugreek,6.3,250.0,200.0,220.0,330.0,230.0,24.5,14.5,79.0,50.0,10.0,900.0,0.0,1800.0
Fenugreek (Trigonella foenum-graecum - another variety),6.0,110.0,90.0,130.0,300.0,130.0,24.0,18.0,68.0,48.0,2.5,800.0,0.0,1800.0
Field Bean,6.0,120.0,150.0,180.0,320.0,150.0,24.0,18.0,70.0,50.0,3.0,1000.0,0.0,2000.0
Fig,6.0,120.0,100.0,150.0,300.0,120.0,25.0,18.0,60.0,40.0,2.0,500.0,0.0,1700.0
Figs,6.3,260.0,210.0,230.0,340.0,240.0,26.0,16.0,75.0,45.0,10.2,910.0,0.0,1700.0
Finger Millet,6.3,260.0,215.0,230.0,340.0,240.0,27.0,17.0,72.0,43.0,12.5,900.0,0.0,2500.0
Finger Millet (Eleusine coracana - another variety),6.5,125.0,105.0,135.0,320.0,150.0,28.0,23.0,75.0,55.0,3.5,1100.0,0.0,2500.0
Flax,6.1,255.0,190.0,215.0,325.0,225.0,23.0,13.0,74.0,44.0,10.8,890.0,0.0,1000.0
Fonio,6.0,80.0,60.0,90.0,250.0,90.0,28.0,22.0,70.0,50.0,2.8,700.0,0.0,1500.0
Foxtail Millet,6.5,255.0,210.0,225.0,330.0,235.0,26.0,16.0,68.0,40.0,12.0,800.0,0.0,2000.0
Foxtail Millet (Setaria italica - another variety),6.2,80.0,60.0,100.0,250.0,100.0,28.0,22.0,70.0,50.0,3.0,800.0,0.0,2000.0
French Bean (Phaseolus vulgaris - adaptable),6.3,115.0,95.0,135.0,320.0,155.0,22.0,16.0,65.0,45.0,2.3,850.0,0.0,2000.0
Galangal,6.2,180.0,150.0,200.0,420.0,230.0,28.0,23.0,84.0,64.0,3.8,2700.0,0.0,1000.0
Garlic,6.0,120.0,150.0,180.0,300.0,120.0,22.0,16.0,60.0,40.0,2.0,600.0,0.0,2000.0
Geocarpa Groundnut,6.2,150.0,130.0,160.0,390.0,160.0,27.0,21.0,74.0,54.0,3.0,1000.0,0.0,500.0
Gherkin,6.0,255.0,205.0,225.0,335.0,235.0,25.0,15.0,78.0,48.0,10.2,890.0,0.0,200.0
Gingelly,6.0,120.0,80.0,100.0,280.0,100.0,27.0,22.0,70.0,50.0,3.0,800.0,0.0,1000.0
Ginger,6.0,280.0,230.0,280.0,420.0,260.0,27.0,22.0,80.0,60.0,3.0,2000.0,0.0,1500.0
Ginger (Zingiber officinale - another variety),6.0,160.0,130.0,180.0,400.0,200.0,27.0,21.0,80.0,60.0,3.0,1500.0,0.0,1500.0
Gnetum africanum (Eru/Afang),6.3,160.0,130.0,170.0,430.0,190.0,26.0,21.0,75.0,55.0,2.8,1700.0,0.0,1000.0
Gongura,6.3,150.0,120.0,170.0,380.0,180.0,29.0,23.0,72.0,52.0,3.0,1000.0,0.0,300.0
Gooseberry,6.2,275.0,225.0,245.0,355.0,255.0,27.0,17.0,79.0,49.0,10.5,940.0,0.0,1800.0
Grape,6.5,100.0,80.0,120.0,300.0,120.0,22.0,16.0,65.0,45.0,2.5,800.0,0.0,1500.0
Grapes,6.2,240.0,185.0,215.0,320.0,230.0,27.0,17.0,68.0,38.0,12.2,1000.0,0.0,1500.0
Green Gram (Vigna radiata - another variety),6.5,110.0,90.0,130.0,330.0,160.0,28.0,22.0,75.0,55.0,3.3,1200.0,0.0,600.0
Ground Bean,6.0,140.0,120.0,150.0,370.0,150.0,26.0,20.0,72.0,52.0,2.8,900.0,0.0,1500.0
Groundnut,6.8,245.0,185.0,210.0,310.0,225.0,29.0,19.0,72.0,42.0,13.0,900.0,0.0,1000.0
Guar,6.2,80.0,60.0,90.0,280.0,120.0,28.0,22.0,72.0,52.0,3.0,800.0,0.0,1500.0
Guava,6.3,300.0,250.0,260.0,420.0,260.0,28.5,18.5,73.0,43.0,10.5,1300.0,0.0,1500.0
Guava (Psidium guajava - another variety),6.3,120.0,90.0,140.0,320.0,160.0,28.0,23.0,65.0,45.0,3.0,800.0,0.0,1500.0
Guinea Millet,6.0,90.0,70.0,100.0,260.0,100.0,28.0,22.0,75.0,55.0,2.9,800.0,0.0,1800.0
Hausa Groundnut,6.4,160.0,140.0,170.0,410.0,170.0,28.0,22.0,76.0,56.0,3.2,1100.0,0.0,500.0
Hazelnut,6.1,260.0,210.0,230.0,360.0,220.0,25.0,15.0,72.0,42.0,10.8,950.0,0.0,1600.0
Heliconia,6.0,120.0,90.0,150.0,400.0,180.0,27.0,22.0,85.0,65.0,3.0,2500.0,0.0,1000.0
Heliconia psittacorum (Parrot's Beak),6.5,140.0,110.0,150.0,350.0,170.0,28.0,22.0,80.0,60.0,3.0,2200.0,0.0,1000.0
Hemp,6.1,270.0,220.0,240.0,350.0,250.0,25.5,15.5,74.0,44.0,10.8,920.0,0.0,2000.0
Hibiscus,6.2,170.0,150.0,190.0,400.0,210.0,26.0,20.0,76.0,56.0,2.5,2500.0,0.0,1000.0
Hibiscus sabdariffa (Roselle - another variety),6.0,180.0,150.0,190.0,490.0,210.0,28.0,23.0,85.0,65.0,3.2,2100.0,0.0,1000.0
Horse Gram,6.5,100.0,120.0,150.0,300.0,120.0,27.0,22.0,70.0,50.0,3.0,1200.0,0.0,2000.0
Horse Gram (Macrotyloma uniflorum - another variety),6.0,145.0,125.0,165.0,350.0,170.0,25.0,19.0,68.0,48.0,2.8,850.0,0.0,2000.0
Hubbard Squash,6.3,150.0,120.0,170.0,400.0,220.0,29.0,24.0,76.0,56.0,3.4,1300.0,0.0,500.0
Hyacinth Bean,6.5,275.0,225.0,245.0,355.0,255.0,28.5,18.5,70.0,42.0,13.0,940.0,0.0,1200.0
Hyacinth Bean (Lablab purpureus - another variety),6.0,100.0,80.0,120.0,300.0,150.0,27.0,22.0,70.0,50.0,3.0,1000.0,0.0,1200.0
Hyssop,6.1,85.0,65.0,115.0,280.0,110.0,25.0,19.0,70.0,50.0,2.5,780.0,0.0,2000.0
Ice Cream Bean,6.1,180.0,150.0,210.0,430.0,250.0,27.5,22.5,83.0,63.0,3.6,2600.0,0.0,1000.0
Ice Cream Bean (Inga edulis - another variety),6.0,150.0,120.0,170.0,400.0,200.0,27.0,22.0,80.0,60.0,3.5,2000.0,0.0,1000.0
Imbe,6.4,130.0,100.0,150.0,370.0,180.0,26.0,20.0,70.0,50.0,2.8,1600.0,0.0,800.0
Indian Gooseberry (Phyllanthus emblica - another variety),6.4,130.0,100.0,150.0,350.0,170.0,29.0,24.0,68.0,48.0,3.2,900.0,0.0,1300.0
Indian Jujube (Ziziphus mauritiana),6.0,120.0,90.0,140.0,300.0,160.0,28.0,23.0,70.0,50.0,2.8,900.0,0.0,1000.0
Indian Mustard,6.0,150.0,120.0,180.0,380.0,190.0,24.0,18.0,70.0,50.0,2.5,1000.0,0.0,1000.0
Indian Mustard (Brassica juncea - another variety),6.2,135.0,115.0,155.0,320.0,160.0,22.0,16.0,65.0,45.0,2.5,750.0,0.0,1000.0
Inocarpus fagifer (Tahitian Chestnut),6.4,170.0,140.0,180.0,480.0,240.0,27.0,22.0,80.0,60.0,3.2,2000.0,0.0,200.0
Italian Millet,6.3,105.0,85.0,125.0,275.0,125.0,29.5,23.5,76.0,56.0,3.1,820.0,0.0,2000.0
Ivy Gourd,6.2,90.0,70.0,110.0,320.0,160.0,28.0,23.0,72.0,52.0,2.5,1000.0,0.0,500.0
Ivy Gourd (Coccinia grandis - another variety),6.1,140.0,110.0,150.0,400.0,190.0,26.0,20.0,72.0,52.0,2.8,1100.0,0.0,500.0
Ixora,6.0,100.0,80.0,120.0,300.0,120.0,28.0,22.0,75.0,55.0,2.5,1500.0,0.0,1000.0
Jaboticaba,5.8,190.0,160.0,220.0,410.0,230.0,26.5,21.5,81.0,61.0,3.4,2400.0,0.0,1000.0
Jack Bean,6.1,100.0,80.0,120.0,350.0,180.0,28.0,23.0,75.0,55.0,2.7,1200.0,0.0,1000.0
Jackfruit,6.0,290.0,240.0,260.0,380.0,260.0,30.0,20.0,80.0,48.0,10.0,990.0,0.0,1200.0
Jamun,6.2,150.0,130.0,180.0,350.0,190.0,29.0,24.0,68.0,48.0,3.0,900.0,0.0,1200.0
Japanese Millet,6.3,70.0,50.0,80.0,220.0,80.0,26.0,20.0,65.0,45.0,2.5,600.0,0.0,2700.0
Jasmine (Jasminum sambac),6.3,80.0,60.0,90.0,280.0,110.0,26.0,20.0,70.0,50.0,2.5,1000.0,0.0,1300.0
Jenipapo,6.2,120.0,90.0,140.0,350.0,170.0,29.0,23.0,75.0,55.0,3.0,1800.0,0.0,500.0
Jerusalem Artichoke,6.2,90.0,70.0,100.0,260.0,100.0,22.0,15.0,66.0,46.0,2.2,720.0,0.0,1000.0
Job's Tears,6.5,100.0,80.0,120.0,350.0,180.0,27.0,22.0,70.0,50.0,3.0,1200.0,0.0,2400.0
Jowar,6.0,150.0,100.0,120.0,300.0,120.0,27.0,22.0,70.0,50.0,3.0,800.0,0.0,2400.0
Jute,6.0,280.0,230.0,240.0,400.0,250.0,30.0,20.0,78.0,48.0,12.0,1500.0,0.0,1000.0
Jute (Corchorus capsularis - another variety),6.4,165.0,135.0,185.0,400.0,200.0,27.0,22.0,80.0,60.0,3.0,1500.0,0.0,1000.0
Jute Mallow,6.1,170.0,150.0,200.0,400.0,220.0,28.0,23.0,75.0,55.0,3.0,1500.0,0.0,500.0
Kabocha Squash,6.2,120.0,90.0,140.0,330.0,170.0,26.0,21.0,70.0,50.0,2.8,1000.0,0.0,1000.0
Kaempferia galanga (Kencur/Sand Ginger),6.2,90.0,70.0,100.0,300.0,120.0,25.0,19.0,70.0,50.0,2.0,1400.0,0.0,1000.0
Kangkong,6.1,130.0,110.0,150.0,400.0,170.0,29.0,23.0,76.0,56.0,3.5,1300.0,0.0,500.0
Kangni,6.4,100.0,80.0,120.0,280.0,120.0,30.0,24.0,75.0,55.0,3.2,850.0,0.0,2000.0
Kangni (Setaria italica - another variety),6.2,90.0,70.0,110.0,270.0,110.0,29.0,23.0,72.0,52.0,3.2,900.0,0.0,2000.0
Kanthal,6.5,170.0,150.0,210.0,400.0,220.0,27.0,22.0,80.0,60.0,3.5,1500.0,0.0,200.0
Karela (Bitter Gourd - another variety),6.3,140.0,110.0,170.0,400.0,200.0,27.0,22.0,75.0,55.0,2.8,1200.0,0.0,500.0
Kava,6.1,200.0,170.0,220.0,430.0,250.0,27.5,22.5,83.0,63.0,3.6,2600.0,0.0,600.0
Kenaf,6.2,260.0,210.0,230.0,340.0,240.0,26.5,16.5,80.0,50.0,11.8,920.0,0.0,1500.0
Kenaf (Hibiscus cannabinus - another variety),6.1,155.0,125.0,175.0,380.0,190.0,28.0,23.0,75.0,55.0,3.3,1300.0,0.0,1500.0
Kepel Apple,6.3,150.0,120.0,170.0,410.0,200.0,28.0,22.0,74.0,54.0,3.2,1800.0,0.0,500.0
Kersting's Groundnut,6.1,170.0,150.0,180.0,430.0,180.0,29.0,23.0,78.0,58.0,3.4,1200.0,0.0,500.0
Kidney Bean,6.0,120.0,150.0,180.0,320.0,150.0,24.0,18.0,70.0,50.0,3.0,1000.0,0.0,2000.0
Kodo,6.5,80.0,60.0,100.0,250.0,100.0,28.0,22.0,70.0,50.0,3.0,800.0,0.0,1800.0
Kodo Millet,6.5,80.0,60.0,100.0,250.0,100.0,28.0,22.0,70.0,50.0,3.0,800.0,0.0,1800.0
Kodo Millet (Paspalum scrobiculatum - another variety),6.4,70.0,50.0,90.0,230.0,90.0,29.0,24.0,75.0,55.0,3.3,700.0,0.0,1800.0
Kohlrabi,6.4,130.0,90.0,110.0,290.0,110.0,17.0,11.0,61.0,41.0,1.7,680.0,0.0,1500.0
Kokum,6.3,160.0,140.0,190.0,400.0,220.0,27.0,22.0,80.0,60.0,3.3,1400.0,0.0,500.0
Kundru,6.1,100.0,80.0,120.0,350.0,180.0,27.5,22.5,71.0,51.0,2.7,1050.0,0.0,500.0
Kutki,6.1,85.0,65.0,105.0,255.0,105.0,27.5,21.5,73.0,53.0,2.9,720.0,0.0,1600.0
Lablab purpureus (Hyacinth Bean - another variety),6.5,140.0,120.0,150.0,360.0,150.0,29.0,23.0,85.0,65.0,3.4,1000.0,0.0,1200.0
Lagos Bologi,6.0,150.0,130.0,160.0,380.0,160.0,26.0,20.0,75.0,55.0,3.0,1200.0,0.0,100.0
Lagos Spinach,6.4,160.0,140.0,190.0,430.0,240.0,27.0,22.0,82.0,62.0,3.5,2200.0,0.0,1000.0
Langsat,6.2,160.0,130.0,190.0,420.0,230.0,28.0,23.0,84.0,64.0,3.8,2700.0,0.0,500.0
Langsat (Lansium domesticum - another variety),6.4,170.0,140.0,190.0,440.0,240.0,29.0,24.0,78.0,58.0,3.1,2000.0,0.0,500.0
Lavender,6.0,250.0,200.0,220.0,330.0,230.0,23.0,13.0,68.0,38.0,10.2,840.0,0.0,1500.0
Leek,6.1,110.0,80.0,100.0,280.0,100.0,19.0,13.0,62.0,42.0,1.8,670.0,0.0,1500.0
Lemon Balm,6.0,90.0,70.0,120.0,300.0,130.0,22.0,16.0,65.0,45.0,2.0,700.0,0.0,1500.0
Lemon Grass,6.3,170.0,140.0,200.0,410.0,230.0,27.0,22.0,82.0,62.0,3.5,2500.0,0.0,1000.0
Lemon Verbena,6.4,70.0,50.0,80.0,250.0,90.0,24.0,18.0,60.0,40.0,2.0,700.0,0.0,1500.0
Lentil,6.2,240.0,195.0,215.0,330.0,235.0,24.5,14.5,75.0,45.0,10.0,850.0,0.0,2000.0
Lentil (Lens culinaris - another variety),6.1,85.0,65.0,95.0,260.0,110.0,20.0,14.0,60.0,40.0,2.0,700.0,0.0,2000.0
Lettuce,6.5,120.0,150.0,180.0,280.0,100.0,15.0,10.0,60.0,40.0,2.0,500.0,0.0,2500.0
Lima Bean,6.0,265.0,215.0,235.0,345.0,245.0,26.0,16.0,72.0,43.0,11.8,890.0,0.0,700.0
Linseed,6.5,100.0,50.0,80.0,250.0,80.0,18.0,12.0,55.0,35.0,1.5,400.0,0.0,1200.0
Little Millet,6.2,95.0,75.0,115.0,265.0,115.0,28.5,22.5,74.0,54.0,3.0,780.0,0.0,1600.0
Little Millet (Panicum sumatrense - another variety),6.2,80.0,60.0,90.0,260.0,100.0,29.0,23.0,72.0,52.0,2.7,800.0,0.0,1600.0
Lobia (Cowpea - another variety),6.1,100.0,80.0,120.0,300.0,140.0,26.0,20.0,72.0,52.0,3.0,900.0,0.0,1000.0
Long Pepper,6.3,150.0,130.0,180.0,400.0,220.0,27.0,22.0,80.0,60.0,3.3,1400.0,0.0,1000.0
Longan,6.2,285.0,235.0,255.0,375.0,255.0,28.0,18.0,81.0,50.0,10.0,1020.0,0.0,600.0
Loquat,6.0,275.0,225.0,245.0,365.0,245.0,27.5,17.5,79.0,49.0,9.8,970.0,0.0,1000.0
Lotus (Nelumbo nucifera),6.3,110.0,80.0,130.0,450.0,200.0,27.0,21.0,75.0,55.0,2.5,1500.0,0.0,500.0
Lovage,6.4,95.0,75.0,125.0,290.0,120.0,21.0,15.0,64.0,44.0,1.9,710.0,0.0,1500.0
Luffa Gourd,6.5,130.0,110.0,160.0,420.0,230.0,27.0,22.0,82.0,62.0,3.0,1500.0,0.0,500.0
Lychee,6.0,290.0,240.0,260.0,400.0,250.0,27.5,17.5,74.0,44.0,10.8,1000.0,0.0,700.0
Macadamia,6.4,280.0,230.0,250.0,360.0,260.0,29.0,19.0,73.0,44.0,11.2,960.0,0.0,700.0
Macadamia Nut,6.3,315.0,265.0,285.0,410.0,295.0,30.0,20.0,80.0,50.0,12.8,1150.0,0.0,700.0
Magnolia champaca (Champak),6.5,90.0,70.0,100.0,300.0,120.0,27.0,22.0,75.0,55.0,2.8,1200.0,0.0,1200.0
Maize,6.5,280.0,220.0,230.0,400.0,250.0,28.0,18.0,75.0,45.0,12.0,1500.0,0.0,3000.0
Malabar Spinach,6.0,130.0,110.0,160.0,420.0,230.0,26.5,21.5,79.0,59.0,3.3,1300.0,0.0,1000.0
Malanga,6.1,140.0,120.0,170.0,400.0,220.0,26.0,21.0,78.0,58.0,3.2,1300.0,0.0,500.0
Mammee Apple,6.1,150.0,120.0,180.0,380.0,160.0,25.0,19.0,72.0,52.0,2.7,1800.0,0.0,800.0
Mango,6.8,260.0,210.0,230.0,360.0,245.0,30.0,20.0,75.0,45.0,10.8,1300.0,0.0,600.0
Mango (Mangifera indica - another variety),6.1,150.0,120.0,170.0,380.0,190.0,30.0,25.0,72.0,52.0,3.5,1100.0,0.0,600.0
Mangosteen,6.3,295.0,245.0,265.0,390.0,270.0,29.5,19.5,85.0,53.0,9.5,1080.0,0.0,700.0
Mangosteen (Garcinia mangostana - adaptability considerations),6.0,165.0,135.0,185.0,400.0,210.0,27.0,22.0,80.0,60.0,3.5,2200.0,0.0,700.0
Mangrove Apple,6.4,285.0,235.0,255.0,365.0,265.0,26.5,16.5,75.0,45.0,10.8,920.0,0.0,0.0
Marama Bean,6.5,120.0,100.0,130.0,380.0,160.0,28.0,22.0,80.0,60.0,3.3,1200.0,0.0,500.0
Marjoram,6.0,110.0,90.0,120.0,330.0,130.0,28.0,22.0,80.0,60.0,2.8,1100.0,0.0,1500.0
Masoor,6.0,80.0,100.0,120.0,280.0,100.0,22.0,16.0,60.0,40.0,2.0,600.0,0.0,2000.0
Medinilla,5.5,100.0,80.0,120.0,350.0,150.0,25.0,18.0,80.0,60.0,2.5,2200.0,500.0,1500.0
Mesta,6.5,150.0,100.0,120.0,400.0,200.0,27.0,22.0,80.0,60.0,3.5,1500.0,0.0,1500.0
Millet,6.4,235.0,175.0,205.0,330.0,220.0,30.5,20.5,62.0,32.0,14.5,700.0,0.0,2000.0
Mint,6.0,80.0,60.0,100.0,280.0,100.0,22.0,16.0,65.0,45.0,2.0,700.0,0.0,2000.0
Mizuna,6.0,160.0,140.0,180.0,460.0,200.0,28.0,22.0,82.0,62.0,3.4,1600.0,0.0,1000.0
Monkey Jackfruit,6.3,160.0,130.0,190.0,410.0,170.0,26.0,20.0,74.0,54.0,2.9,1900.0,0.0,1200.0
Moong,6.5,100.0,120.0,150.0,300.0,120.0,27.0,22.0,70.0,50.0,3.0,1200.0,0.0,1200.0
Moringa,6.2,160.0,130.0,180.0,400.0,190.0,28.0,23.0,75.0,55.0,3.0,1100.0,0.0,1000.0
Moth Bean,6.0,100.0,120.0,150.0,300.0,120.0,27.0,22.0,70.0,50.0,3.0,1200.0,0.0,1000.0
Moth Bean (Vigna aconitifolia - another variety),6.1,120.0,100.0,130.0,320.0,130.0,27.0,21.0,75.0,55.0,3.0,800.0,0.0,1000.0
Mulberry,6.5,265.0,215.0,235.0,345.0,245.0,24.0,14.0,70.0,40.0,10.8,910.0,0.0,1500.0
Mung Bean,6.0,250.0,200.0,220.0,330.0,230.0,26.5,16.5,75.0,45.0,11.0,870.0,0.0,1200.0
Murasaki Sweet Potato,6.3,80.0,60.0,100.0,300.0,120.0,24.0,18.0,65.0,45.0,2.5,800.0,0.0,500.0
Mushroom,5.8,230.0,180.0,200.0,330.0,200.0,20.0,10.0,85.0,55.0,9.0,1400.0,0.0,4500.0
Muskmelon,6.2,270.0,220.0,240.0,350.0,250.0,28.5,18.5,72.0,42.0,10.8,940.0,0.0,1000.0
Mussaenda,6.2,120.0,90.0,140.0,350.0,150.0,27.0,21.0,80.0,60.0,2.8,1800.0,0.0,800.0
Mustard,6.4,260.0,210.0,225.0,320.0,230.0,28.0,18.0,70.0,40.0,12.0,950.0,0.0,1000.0
Navy Bean,6.5,100.0,120.0,150.0,300.0,120.0,24.0,18.0,65.0,45.0,2.5,800.0,0.0,500.0
Nectarine,6.6,280.0,230.0,250.0,360.0,260.0,27.5,17.5,74.0,44.0,10.5,950.0,0.0,500.0
Niger Seed,6.0,120.0,80.0,100.0,280.0,100.0,27.0,22.0,70.0,50.0,3.0,800.0,0.0,1000.0
Noni,6.1,140.0,110.0,160.0,390.0,190.0,27.0,21.0,72.0,52.0,3.0,1700.0,0.0,500.0
Nutmeg,6.1,270.0,220.0,240.0,370.0,230.0,25.0,15.0,75.0,45.0,10.0,1200.0,0.0,1300.0
Oats,6.3,250.0,190.0,215.0,340.0,235.0,20.0,10.0,85.0,55.0,9.0,1100.0,0.0,3000.0
Oca,6.0,100.0,80.0,120.0,300.0,120.0,18.0,12.0,60.0,40.0,2.0,600.0,2000.0,4000.0
Oca (Oxalis tuberosa),6.1,120.0,90.0,130.0,350.0,180.0,18.0,12.0,65.0,45.0,2.0,800.0,2000.0,4000.0
Oil Palm,5.5,280.0,220.0,280.0,420.0,260.0,28.0,22.0,80.0,60.0,4.5,2500.0,0.0,500.0
Okinawan Sweet Potato,6.5,90.0,70.0,110.0,320.0,130.0,25.0,19.0,68.0,48.0,2.7,900.0,0.0,500.0
Okra,6.4,275.0,225.0,245.0,355.0,255.0,28.5,18.5,79.0,49.0,11.2,960.0,0.0,300.0
Olive,6.7,275.0,225.0,245.0,355.0,255.0,27.5,17.5,68.0,38.0,12.5,980.0,0.0,1000.0
Onion,6.5,150.0,180.0,200.0,320.0,150.0,22.0,16.0,60.0,40.0,2.0,600.0,0.0,2000.0
Opo Squash,6.3,120.0,90.0,140.0,350.0,180.0,27.0,22.0,78.0,58.0,2.5,1900.0,0.0,1000.0
Orange,6.4,250.0,200.0,225.0,340.0,235.0,22.5,12.5,70.0,40.0,11.0,1100.0,0.0,1000.0
Oregano,6.5,70.0,50.0,90.0,250.0,90.0,24.0,17.0,68.0,48.0,2.3,750.0,0.0,1500.0
Papaya,6.2,320.0,270.0,280.0,490.0,290.0,30.5,20.5,75.0,45.0,9.0,1800.0,0.0,1000.0
Parsnip,6.6,105.0,75.0,105.0,275.0,105.0,19.0,13.0,64.0,44.0,2.0,710.0,0.0,1500.0
Parwal (Pointed Gourd - another variety),6.2,130.0,100.0,160.0,360.0,180.0,26.0,21.0,72.0,52.0,2.5,1100.0,0.0,500.0
Paspalum scrobiculatum (Kodo Millet - another variety),6.2,100.0,80.0,110.0,280.0,110.0,29.0,23.0,80.0,60.0,3.1,900.0,0.0,1800.0
Passion Fruit,6.0,300.0,250.0,270.0,380.0,280.0,29.5,19.5,84.0,54.0,12.0,990.0,0.0,1000.0
Patchouli,5.8,160.0,130.0,190.0,410.0,230.0,26.5,21.5,81.0,61.0,3.4,2400.0,0.0,500.0
Pea (Pisum sativum - another variety - adaptable),6.5,105.0,85.0,125.0,290.0,135.0,20.0,14.0,60.0,40.0,2.0,,0.0,2000.0
Peach,6.2,275.0,225.0,245.0,355.0,255.0,26.0,16.0,72.0,42.0,11.0,910.0,0.0,1000.0
Peanut,6.2,265.0,215.0,235.0,345.0,245.0,27.0,17.0,82.0,52.0,11.2,890.0,0.0,1000.0
Pear,6.1,260.0,210.0,230.0,340.0,240.0,24.5,14.5,78.0,48.0,10.5,900.0,300.0,2000.0
Pearl Millet,6.4,100.0,80.0,120.0,280.0,120.0,30.0,24.0,75.0,55.0,3.2,850.0,0.0,2700.0
Pearl Millet (Pennisetum glaucum - another variety),6.5,95.0,75.0,115.0,270.0,110.0,30.0,24.0,70.0,50.0,3.0,750.0,0.0,2700.0
Peas,6.0,250.0,200.0,220.0,350.0,240.0,22.5,12.5,80.0,50.0,9.5,1000.0,0.0,2000.0
Pecan,6.6,290.0,240.0,260.0,370.0,270.0,26.0,16.0,74.0,44.0,10.8,980.0,0.0,500.0
Pepper,6.0,250.0,200.0,250.0,400.0,250.0,27.0,22.0,80.0,65.0,3.5,2000.0,0.0,800.0
Persicaria odorata (Vietnamese Coriander),6.1,110.0,90.0,120.0,360.0,140.0,27.0,21.0,80.0,60.0,2.5,1800.0,0.0,1000.0
Persimmon,6.4,260.0,210.0,230.0,340.0,240.0,26.0,16.0,77.0,46.0,10.5,950.0,0.0,500.0
Phalsa (Grewia asiatica),6.1,100.0,80.0,110.0,280.0,130.0,30.0,25.0,65.0,45.0,3.2,800.0,0.0,800.0
Pigeon Pea,6.2,265.0,215.0,235.0,345.0,245.0,27.0,17.0,67.0,39.0,12.0,910.0,0.0,1500.0
Pigeonpea,6.5,120.0,150.0,180.0,320.0,150.0,27.0,22.0,70.0,50.0,3.0,1000.0,0.0,1500.0
Pili Nut (Canarium ovatum - another variety),6.5,190.0,160.0,210.0,420.0,200.0,28.0,23.0,80.0,60.0,3.3,2200.0,0.0,1500.0
Pineapple,5.8,310.0,260.0,270.0,470.0,280.0,29.0,19.0,80.0,50.0,8.8,1600.0,0.0,1300.0
Piper sarmentosum (Wild Betel),6.4,100.0,80.0,110.0,330.0,130.0,26.0,20.0,75.0,55.0,2.3,1600.0,0.0,500.0
Pistachio,6.2,280.0,230.0,250.0,380.0,240.0,26.5,16.5,68.0,38.0,11.2,1100.0,450.0,1800.0
Plantain,6.3,310.0,260.0,280.0,420.0,290.0,30.0,20.0,82.0,50.0,10.5,1050.0,0.0,2000.0
Plum,6.3,280.0,230.0,250.0,360.0,260.0,27.0,17.0,70.0,40.0,10.8,920.0,200.0,2000.0
Plumeria (Frangipani),6.4,85.0,75.0,95.0,270.0,100.0,29.0,24.0,75.0,55.0,3.0,1000.0,0.0,500.0
Pointed Gourd,6.4,110.0,90.0,140.0,380.0,200.0,29.0,24.0,75.0,55.0,3.0,1100.0,0.0,500.0
Pointed Gourd (Trichosanthes dioica - another variety),6.2,120.0,90.0,130.0,350.0,170.0,28.0,22.0,75.0,55.0,3.0,1200.0,0.0,500.0
Polygonum minus (Kesum),6.3,120.0,100.0,130.0,390.0,150.0,28.0,22.0,85.0,65.0,2.7,2000.0,0.0,1000.0
Pomegranate,6.4,280.0,230.0,250.0,380.0,240.0,26.0,16.0,68.0,38.0,11.2,900.0,0.0,2000.0
Pomelo,6.5,120.0,80.0,120.0,300.0,150.0,27.0,20.0,65.0,45.0,2.5,1000.0,0.0,200.0
Potato,5.7,310.0,260.0,250.0,470.0,275.0,20.5,10.5,88.0,58.0,9.0,1600.0,0.0,4000.0
Proso Millet,6.4,250.0,205.0,220.0,325.0,230.0,25.0,15.0,70.0,42.0,11.5,850.0,0.0,2500.0
Pudhina (Mint - another variety),6.1,100.0,80.0,120.0,300.0,150.0,24.0,18.0,65.0,45.0,2.5,800.0,0.0,2000.0
Pulasan,6.4,170.0,140.0,200.0,450.0,240.0,26.0,21.0,80.0,60.0,3.3,2300.0,0.0,500.0
Pumpkin,6.3,265.0,215.0,235.0,345.0,245.0,27.0,17.0,74.0,44.0,11.0,930.0,0.0,2000.0
Pumpkin (Cucurbita pepo - another variety),6.0,115.0,85.0,115.0,300.0,130.0,26.0,20.0,70.0,50.0,2.7,950.0,0.0,2000.0
Quinoa,6.0,260.0,200.0,220.0,300.0,210.0,25.0,15.0,68.0,38.0,11.2,820.0,2000.0,4000.0
Radish,6.0,50.0,80.0,100.0,250.0,80.0,15.0,10.0,50.0,30.0,1.0,400.0,0.0,1000.0
Ragi,6.3,110.0,90.0,130.0,300.0,130.0,26.0,20.0,71.0,51.0,2.7,800.0,0.0,2500.0
Rain Lily,6.1,130.0,110.0,150.0,420.0,220.0,26.0,20.0,82.0,62.0,3.2,2200.0,0.0,100.0
Rajma (Kidney Bean - another variety),6.4,120.0,100.0,140.0,320.0,160.0,24.0,18.0,70.0,50.0,2.8,1000.0,0.0,2000.0
Rambutan,6.1,310.0,260.0,280.0,420.0,290.0,31.0,21.0,82.0,50.0,9.8,1050.0,0.0,500.0
Rambutan (Nephelium lappaceum - adaptability considerations),6.2,155.0,125.0,175.0,380.0,200.0,28.0,23.0,82.0,62.0,3.3,2000.0,0.0,500.0
Ramdana,6.5,100.0,70.0,110.0,270.0,100.0,24.0,17.0,68.0,48.0,2.3,750.0,0.0,3000.0
Ramphal (Annona reticulata),6.2,140.0,110.0,160.0,350.0,170.0,28.0,23.0,75.0,55.0,3.0,1200.0,0.0,1000.0
Rapeseed,6.2,265.0,215.0,235.0,345.0,245.0,25.5,15.5,73.0,43.0,10.8,920.0,0.0,1000.0
Raspberry,5.9,255.0,205.0,225.0,365.0,245.0,20.0,10.0,83.0,53.0,8.8,1150.0,0.0,1500.0
Rice,5.8,300.0,250.0,200.0,500.0,260.0,30.0,20.0,85.0,55.0,8.5,2500.0,0.0,2000.0
Rice Bean,6.0,120.0,150.0,180.0,320.0,150.0,24.0,18.0,70.0,50.0,3.0,1000.0,0.0,2000.0
Rice Bean (Vigna umbellata - another variety),6.3,130.0,110.0,140.0,340.0,140.0,28.0,22.0,80.0,60.0,3.2,900.0,0.0,2000.0
Ricebean,6.2,140.0,120.0,150.0,420.0,180.0,30.0,24.0,84.0,64.0,3.7,1400.0,0.0,2000.0
Ridge Gourd,6.4,130.0,110.0,160.0,380.0,200.0,29.0,24.0,74.0,54.0,3.0,1150.0,0.0,500.0
Ridge Gourd (Luffa acutangula - another variety),6.0,125.0,95.0,135.0,360.0,175.0,29.0,23.0,73.0,53.0,2.9,1100.0,0.0,500.0
Rivea,6.1,110.0,90.0,120.0,310.0,120.0,27.0,21.0,76.0,56.0,2.7,800.0,0.0,1000.0
Rose,6.0,120.0,90.0,140.0,350.0,170.0,24.0,18.0,68.0,48.0,2.5,900.0,0.0,2000.0
Roselle,6.3,280.0,230.0,250.0,360.0,260.0,29.0,19.0,70.0,40.0,11.0,950.0,0.0,1000.0
Rosemary,6.1,255.0,205.0,225.0,335.0,235.0,24.5,14.5,70.0,40.0,11.0,850.0,0.0,1500.0
Rubber,5.5,200.0,150.0,180.0,380.0,210.0,28.0,22.0,80.0,60.0,4.0,2500.0,0.0,600.0
Rutabaga,6.7,110.0,80.0,110.0,280.0,110.0,21.0,15.0,67.0,47.0,2.1,730.0,0.0,1500.0
Rye,6.1,245.0,185.0,210.0,330.0,220.0,22.0,12.0,80.0,50.0,10.0,900.0,0.0,2500.0
Safflower,6.7,275.0,225.0,235.0,310.0,220.0,28.5,18.5,63.0,33.0,12.5,780.0,0.0,1500.0
Saffron,7.0,80.0,60.0,100.0,200.0,100.0,20.0,5.0,40.0,20.0,2.0,300.0,0.0,2000.0
Safou,6.5,170.0,140.0,200.0,440.0,180.0,27.0,21.0,76.0,56.0,3.1,2000.0,0.0,1300.0
Sage,6.2,75.0,55.0,95.0,260.0,95.0,23.0,16.0,67.0,47.0,2.1,720.0,0.0,1500.0
Salak,6.0,120.0,90.0,150.0,300.0,130.0,22.0,16.0,65.0,45.0,2.0,1500.0,0.0,1000.0
Samak Rice (Panicum miliaceum),6.0,100.0,80.0,120.0,250.0,100.0,28.0,22.0,70.0,50.0,3.0,800.0,0.0,1800.0
Sandalwood,6.0,70.0,50.0,80.0,250.0,100.0,28.0,23.0,65.0,45.0,2.8,1000.0,0.0,1500.0
Sapodilla (Manilkara zapota),6.4,140.0,110.0,160.0,350.0,180.0,29.0,23.0,70.0,50.0,3.0,1000.0,0.0,800.0
Sawa,6.0,115.0,95.0,135.0,285.0,135.0,30.5,24.5,77.0,57.0,3.3,850.0,0.0,1800.0
Sawa Millet,6.4,115.0,95.0,135.0,285.0,135.0,30.5,24.5,77.0,57.0,3.3,850.0,0.0,1800.0
Sesame,6.5,270.0,220.0,230.0,320.0,230.0,27.0,17.0,66.0,36.0,13.2,810.0,0.0,1000.0
Shallot,6.5,120.0,90.0,110.0,290.0,110.0,20.0,14.0,64.0,44.0,2.0,690.0,0.0,1000.0
Shama Millet,6.5,80.0,60.0,90.0,240.0,90.0,27.0,21.0,70.0,50.0,2.7,700.0,0.0,1800.0
Sisal,6.0,270.0,220.0,240.0,350.0,250.0,28.0,18.0,65.0,35.0,12.2,930.0,0.0,1500.0
Sitaphal (Annona squamosa),6.4,120.0,90.0,130.0,300.0,150.0,29.0,24.0,70.0,50.0,2.8,1000.0,0.0,1000.0
Snake Gourd,6.1,100.0,80.0,120.0,300.0,120.0,26.0,20.0,70.0,50.0,2.7,1000.0,0.0,500.0
Snake Gourd (Trichosanthes cucumerina - another variety),6.2,135.0,105.0,145.0,390.0,185.0,28.0,22.0,76.0,56.0,3.1,1250.0,0.0,500.0
Solanum macrocarpon (African Eggplant),6.5,170.0,140.0,180.0,460.0,200.0,27.0,22.0,80.0,60.0,3.0,1900.0,0.0,1500.0
Sorghum,6.5,245.0,185.0,210.0,330.0,220.0,30.0,20.0,62.0,32.0,14.0,750.0,0.0,2400.0
Sorghum (Sorghum bicolor - another variety),6.3,115.0,95.0,125.0,290.0,130.0,27.0,22.0,70.0,50.0,3.2,950.0,0.0,2400.0
Soursop,6.0,180.0,120.0,180.0,380.0,200.0,27.0,22.0,75.0,55.0,3.0,1500.0,0.0,1000.0
Soybean,6.2,270.0,210.0,225.0,360.0,245.0,27.5,17.5,65.0,35.0,9.8,1100.0,0.0,1500.0
Spaghetti Squash,6.3,120.0,100.0,150.0,350.0,180.0,27.0,22.0,72.0,52.0,2.9,1050.0,0.0,1500.0
Spelt,6.2,250.0,200.0,220.0,330.0,230.0,23.5,13.5,76.0,47.0,10.8,870.0,0.0,1500.0
Spider Lily,6.4,120.0,100.0,140.0,400.0,200.0,25.0,19.0,80.0,60.0,3.0,2000.0,0.0,1000.0
Spinach,6.0,150.0,180.0,200.0,300.0,120.0,18.0,12.0,65.0,45.0,2.5,700.0,0.0,2500.0
Spiny Gourd,6.3,120.0,100.0,150.0,400.0,220.0,28.5,23.5,74.0,54.0,2.9,1150.0,0.0,1000.0
Sponge Gourd (Luffa aegyptiaca),6.4,130.0,100.0,140.0,380.0,180.0,29.0,23.0,78.0,58.0,3.2,1300.0,0.0,500.0
Star Anise,6.1,180.0,150.0,210.0,400.0,220.0,27.0,22.0,80.0,60.0,3.4,2400.0,0.0,1000.0
Star Fruit,6.0,150.0,100.0,150.0,350.0,180.0,24.0,18.0,70.0,50.0,2.5,1200.0,0.0,500.0
Sterculia monosperma (Chinese Chestnut),6.1,180.0,150.0,190.0,440.0,210.0,28.0,23.0,70.0,50.0,2.8,1500.0,0.0,500.0
Stevia,6.1,250.0,200.0,220.0,330.0,230.0,24.0,14.0,79.0,50.0,10.0,900.0,0.0,1000.0
Strawberry,5.7,250.0,200.0,220.0,350.0,240.0,18.5,8.5,85.0,55.0,8.5,1200.0,0.0,1500.0
Sugar Beet,6.5,270.0,220.0,240.0,350.0,250.0,25.5,15.5,72.0,44.0,10.8,920.0,0.0,1800.0
Sugarcane,6.0,320.0,270.0,260.0,600.0,280.0,31.5,21.5,80.0,50.0,7.5,3000.0,0.0,1500.0
Summer Savory,6.5,100.0,80.0,110.0,310.0,120.0,27.0,21.0,75.0,55.0,2.6,1000.0,0.0,1500.0
Sunflower,6.8,270.0,220.0,230.0,310.0,225.0,29.5,19.5,65.0,35.0,13.5,800.0,0.0,1000.0
Sunn Hemp,6.0,180.0,120.0,150.0,350.0,180.0,24.0,18.0,70.0,50.0,3.0,1000.0,0.0,1200.0
Sweet Basil,6.0,120.0,100.0,150.0,300.0,160.0,24.0,18.0,70.0,50.0,2.5,800.0,0.0,1000.0
Sweet Dumpling Squash,6.5,160.0,130.0,180.0,420.0,230.0,26.0,21.0,78.0,58.0,3.1,1400.0,0.0,500.0
Sweet Pepper,6.0,130.0,100.0,120.0,300.0,120.0,25.0,18.0,72.0,52.0,2.8,900.0,0.0,2000.0
Sweet Potato,6.0,80.0,60.0,100.0,300.0,120.0,24.0,18.0,65.0,45.0,2.5,1000.0,0.0,2000.0
Sweet Sorghum,6.2,265.0,215.0,235.0,345.0,245.0,26.5,16.5,71.0,42.0,11.2,910.0,0.0,2400.0
Sweetcorn,6.0,160.0,110.0,130.0,320.0,130.0,25.0,18.0,72.0,52.0,2.8,900.0,0.0,2000.0
Sword Bean,6.0,130.0,110.0,140.0,400.0,170.0,29.0,23.0,82.0,62.0,3.5,1300.0,0.0,1000.0
Tamarind,6.1,290.0,240.0,260.0,370.0,270.0,28.0,18.0,77.0,47.0,11.5,960.0,0.0,500.0
Tannia,6.3,140.0,110.0,170.0,400.0,220.0,,,,,,,0.0,1000.0
Tapioca,6.0,100.0,80.0,120.0,350.0,150.0,27.0,20.0,70.0,50.0,3.0,1200.0,0.0,900.0
Taro,6.0,150.0,100.0,180.0,400.0,180.0,27.0,22.0,80.0,60.0,3.5,2000.0,0.0,2000.0
Tarragon,6.3,85.0,65.0,105.0,270.0,105.0,21.0,15.0,64.0,44.0,2.0,710.0,0.0,1000.0
Tatsoi,6.2,170.0,150.0,190.0,480.0,210.0,29.0,23.0,84.0,64.0,3.6,1700.0,0.0,1000.0
Tea,5.5,280.0,240.0,220.0,450.0,270.0,22.0,12.0,90.0,60.0,6.8,2200.0,600.0,2000.0
Teak,6.5,80.0,60.0,100.0,300.0,120.0,27.0,22.0,70.0,50.0,3.0,1500.0,0.0,1300.0
Teff,6.1,245.0,195.0,215.0,315.0,225.0,24.0,14.0,74.0,46.0,10.2,890.0,1800.0,2800.0
Teff (Eragrostis tef - another variety),6.0,90.0,70.0,100.0,250.0,100.0,23.0,17.0,65.0,45.0,2.0,700.0,1800.0,2800.0
Telfairia occidentalis (Fluted Pumpkin),6.4,170.0,150.0,180.0,420.0,180.0,28.0,22.0,85.0,65.0,3.4,1600.0,0.0,1000.0
Tepary Bean,6.1,100.0,80.0,110.0,320.0,140.0,30.0,24.0,76.0,56.0,3.4,1000.0,0.0,1500.0
Tepary Bean (Phaseolus acutifolius - another variety),6.4,110.0,90.0,120.0,300.0,130.0,28.0,22.0,68.0,48.0,2.5,900.0,0.0,1500.0
Thunbergia grandiflora (Bengal Clockvine),6.4,120.0,100.0,140.0,410.0,220.0,29.0,24.0,80.0,60.0,3.0,2200.0,0.0,500.0
Thyme,6.4,250.0,200.0,220.0,330.0,230.0,24.0,14.0,74.0,44.0,10.5,870.0,0.0,1500.0
Tigernut,6.5,180.0,160.0,190.0,400.0,220.0,26.0,20.0,72.0,52.0,2.8,1800.0,0.0,1000.0
Tinda (Indian Squash),6.5,160.0,130.0,190.0,430.0,220.0,29.0,24.0,70.0,50.0,3.0,1400.0,0.0,300.0
Tomato,6.2,290.0,210.0,230.0,380.0,255.0,26.5,16.5,78.0,48.0,10.0,1300.0,0.0,2000.0
Torch Ginger,6.3,140.0,120.0,160.0,450.0,240.0,27.0,21.0,84.0,64.0,3.4,2400.0,0.0,1000.0
Triticale,6.3,255.0,205.0,225.0,335.0,235.0,25.5,15.5,73.0,44.0,11.0,880.0,0.0,2500.0
Tuberose (Polianthes tuberosa),6.3,90.0,70.0,100.0,280.0,120.0,25.0,19.0,68.0,48.0,2.3,850.0,0.0,1200.0
Turban Squash,6.0,170.0,140.0,190.0,450.0,250.0,27.0,22.0,80.0,60.0,3.3,1500.0,0.0,1500.0
Turmeric,6.5,250.0,200.0,250.0,400.0,250.0,27.0,22.0,80.0,65.0,3.0,1800.0,0.0,1300.0
Turmeric (Curcuma longa - another variety),6.2,140.0,110.0,160.0,320.0,150.0,27.0,22.0,70.0,50.0,3.0,1000.0,0.0,1300.0
Turnip,6.1,95.0,65.0,95.0,265.0,95.0,16.0,10.0,59.0,39.0,1.6,660.0,0.0,2000.0
Uapaca kirkiana (Sugarplum),6.4,190.0,160.0,210.0,430.0,240.0,29.0,23.0,75.0,55.0,3.5,1800.0,0.0,1500.0
Ube,6.0,100.0,80.0,120.0,340.0,140.0,26.0,20.0,70.0,50.0,2.9,1000.0,0.0,500.0
Ulluco,6.1,150.0,130.0,180.0,380.0,200.0,24.0,18.0,70.0,50.0,,,2000.0,3000.0
Urad,6.0,100.0,120.0,150.0,300.0,120.0,27.0,22.0,70.0,50.0,3.0,1200.0,0.0,1200.0
Valor Papdi (Luffa acutangula),6.4,180.0,150.0,200.0,450.0,220.0,29.0,24.0,80.0,60.0,3.5,1400.0,0.0,500.0
Vanilla,6.1,280.0,230.0,250.0,380.0,240.0,26.0,16.0,74.0,44.0,11.0,1000.0,0.0,1500.0
Velvet Bean,6.3,120.0,100.0,150.0,400.0,220.0,29.0,24.0,80.0,60.0,2.9,1400.0,0.0,1200.0
Velvet Bean (Mucuna pruriens - another variety),6.4,110.0,90.0,120.0,300.0,120.0,26.0,20.0,70.0,50.0,2.8,700.0,0.0,1200.0
Vetiver,6.5,140.0,110.0,170.0,390.0,210.0,28.5,23.5,79.0,59.0,3.2,2200.0,0.0,1300.0
Walnut,6.3,250.0,200.0,220.0,350.0,210.0,24.0,14.0,70.0,40.0,10.5,900.0,700.0,2000.0
Water Caltrop (Trapa natans),6.0,120.0,90.0,130.0,450.0,200.0,26.0,20.0,78.0,58.0,2.5,1600.0,0.0,100.0
Water Chestnut (Eleocharis dulcis),6.2,100.0,70.0,100.0,450.0,190.0,26.0,20.0,75.0,55.0,2.5,,0.0,50.0
Water Lily (Nymphaea),6.3,90.0,70.0,110.0,420.0,180.0,27.0,21.0,72.0,52.0,2.5,1400.0,0.0,100.0
Water Spinach,6.2,150.0,130.0,180.0,470.0,270.0,26.0,21.0,78.0,58.0,3.8,1900.0,0.0,500.0
Watermelon,6.0,280.0,230.0,250.0,360.0,260.0,29.0,19.0,70.0,40.0,11.0,950.0,0.0,500.0
Wax Gourd,6.0,140.0,120.0,170.0,450.0,250.0,28.0,23.0,75.0,55.0,3.5,1800.0,0.0,500.0
West Indian Pumpkin,6.3,120.0,100.0,150.0,350.0,180.0,27.0,22.0,72.0,52.0,2.9,1050.0,0.0,500.0
Wheat,6.0,250.0,200.0,220.0,350.0,240.0,25.5,15.0,70.0,40.0,10.5,1200.0,0.0,3500.0
Winged Bean,6.0,100.0,80.0,120.0,350.0,180.0,27.0,22.0,70.0,50.0,2.8,1200.0,0.0,1500.0
Winter Savory,6.6,80.0,60.0,110.0,270.0,100.0,20.0,14.0,62.0,42.0,1.7,650.0,0.0,1500.0
Wood Apple (Limonia acidissima),6.3,160.0,130.0,190.0,350.0,180.0,30.0,24.0,60.0,40.0,3.0,700.0,0.0,1200.0
Xanthosoma,6.3,200.0,170.0,230.0,430.0,260.0,28.0,23.0,82.0,62.0,3.0,2400.0,0.0,1000.0
Yacon,6.5,120.0,100.0,150.0,320.0,150.0,20.0,14.0,65.0,45.0,2.5,700.0,1000.0,2500.0
Yacon (Smallanthus sonchifolius),6.3,130.0,100.0,140.0,370.0,190.0,20.0,14.0,70.0,50.0,2.3,900.0,1000.0,2500.0
Yam,6.5,120.0,80.0,150.0,350.0,150.0,27.0,22.0,70.0,50.0,3.0,1500.0,0.0,1500.0
Yam Bean,6.2,100.0,70.0,90.0,270.0,90.0,18.0,12.0,60.0,40.0,1.7,650.0,0.0,1500.0
Yam Bean (Pachyrhizus erosus - another variety),6.1,120.0,100.0,130.0,330.0,150.0,26.0,20.0,72.0,52.0,2.8,1000.0,0.0,1500.0
Yautia,6.3,150.0,130.0,180.0,420.0,230.0,27.0,22.0,80.0,60.0,3.3,1500.0,0.0,1000.0
Ylang-Ylang,6.0,150.0,120.0,180.0,400.0,220.0,27.0,22.0,82.0,62.0,3.5,2500.0,0.0,500.0
Zucchini,6.1,250.0,200.0,220.0,330.0,230.0,26.5,16.5,76.0,47.0,10.5,900.0,0.0,200.0
